Run #1,Run #1,Run #1,Run #1,Run #2,Run #2,Run #2,Run #2,Run #3,Run #3,Run #3,Run #3
Time (s),Position (m),Velocity (m/s),Acceleration (m/s²),Time (s),Position (m),Velocity (m/s),Acceleration (m/s²),Time (s),Position (m),Velocity (m/s),Acceleration (m/s²)
0.000,1.54,,,0.000,0.12,,,0.000,0.23,,
0.010,0.85,-34.03,,0.010,0.12,-0.01,,0.010,0.23,0.00,
0.020,0.86,0.24,1694.39,0.020,0.12,-0.01,-3.47E-14,0.020,0.23,0.00,-0.03
0.030,0.86,-0.14,-18.70,0.030,0.12,-0.01,-3.45E-14,0.030,0.23,-5.71E-4,0.43
0.040,0.86,-0.13,308.75,0.040,0.12,-0.01,0.02,0.040,0.23,0.01,0.46
0.050,0.86,6.04,-1138.89,0.050,0.12,-0.01,-0.43,0.050,0.23,0.01,0.00
0.060,0.98,-22.91,-1714.27,0.060,0.12,-0.02,-0.45,0.060,0.23,0.01,1.73E-16
0.070,0.40,-28.25,1162.40,0.070,0.12,-0.02,6.89E-14,0.070,0.23,0.01,-6.91E-14
0.080,0.41,0.34,2476.38,0.080,0.12,-0.02,-1.73E-16,0.080,0.23,0.01,0.03
0.090,0.40,21.28,1083.12,0.090,0.12,-0.02,-0.02,0.090,0.23,0.01,-0.46
0.100,0.84,22.00,-1047.35,0.100,0.12,-0.02,0.43,0.100,0.23,-5.72E-4,-0.03
0.110,0.84,0.33,-1080.51,0.110,0.12,-0.01,0.46,0.110,0.23,0.01,0.49
0.120,0.84,0.39,0.56,0.120,0.12,-0.01,-0.45,0.120,0.23,0.01,-0.46
0.130,0.85,0.34,-25.28,0.130,0.12,-0.02,-0.02,0.130,0.23,-5.72E-4,-0.03
0.140,0.85,-0.12,-70.83,0.140,0.12,-0.01,0.45,0.140,0.23,0.01,0.49
0.150,0.85,-1.07,-96.86,0.150,0.12,-0.01,-0.02,0.150,0.23,0.01,-0.43
0.160,0.83,-2.05,-51.96,0.160,0.12,-0.01,0.43,0.160,0.23,0.00,-0.46
0.170,0.81,-2.11,-7.96,0.170,0.12,0.00,0.45,0.170,0.23,0.00,0.00
0.180,0.79,-2.21,0.50,0.180,0.12,0.00,0.00,0.180,0.23,0.00,0.00
0.190,0.76,-2.10,9.83,0.190,0.12,0.00,-0.02,0.190,0.23,0.00,0.00
0.200,0.74,-2.02,8.57,0.200,0.12,-3.05E-4,0.37,0.200,0.23,0.00,0.03
0.210,0.72,-1.93,9.52,0.210,0.12,0.01,2.10,0.210,0.23,5.73E-4,-0.43
0.220,0.71,-1.83,10.13,0.220,0.12,0.04,3.56,0.220,0.23,-0.01,-0.49
0.230,0.69,-1.73,9.52,0.230,0.12,0.08,0.14,0.230,0.23,-0.01,0.46
0.240,0.67,-1.64,10.02,0.240,0.12,0.04,-3.93,0.240,0.23,5.72E-4,0.03
0.250,0.66,-1.53,10.10,0.250,0.12,0.00,-2.23,0.250,0.23,-0.01,-0.49
0.260,0.64,-1.43,9.58,0.260,0.12,0.00,0.00,0.260,0.23,-0.01,0.43
0.270,0.63,-1.34,9.57,0.270,0.12,0.00,0.00,0.270,0.23,0.00,0.46
0.280,0.61,-1.24,9.56,0.280,0.12,0.00,0.00,0.280,0.23,0.00,0.00
0.290,0.60,-1.15,9.48,0.290,0.12,0.00,0.00,0.290,0.23,0.00,0.00
0.300,0.59,-1.05,9.98,0.300,0.12,0.00,-0.02,0.300,0.23,0.00,0.00
0.310,0.58,-0.95,10.11,0.310,0.12,-3.10E-4,0.43,0.310,0.23,0.00,0.00
0.320,0.57,-0.85,9.10,0.320,0.12,0.01,0.46,0.320,0.23,0.00,0.00
0.330,0.56,-0.77,9.02,0.330,0.12,0.01,-0.43,0.330,0.23,0.00,0.00
0.340,0.56,-0.67,9.51,0.340,0.12,0.00,-0.46,0.340,0.23,0.00,0.03
0.350,0.55,-0.57,9.57,0.350,0.12,-3.10E-4,0.20,0.350,0.23,5.72E-4,-0.43
0.360,0.54,-0.48,9.07,0.360,0.12,0.00,7.10,0.360,0.23,-0.01,-0.49
0.370,0.54,-0.39,8.92,0.370,0.12,0.14,1.36,0.370,0.23,-0.01,0.43
0.380,0.54,-0.30,9.98,0.380,0.13,0.03,-13.28,0.380,0.23,0.00,0.46
0.390,0.53,-0.19,9.54,0.390,0.12,-0.12,-2.86,0.390,0.23,0.00,-0.03
0.400,0.53,-0.11,8.97,0.400,0.12,-0.03,5.32,0.400,0.23,-5.71E-4,0.43
0.410,0.53,-0.01,9.46,0.410,0.12,-0.02,0.86,0.410,0.23,0.01,0.49
0.420,0.53,0.08,9.45,0.420,0.12,-0.01,0.88,0.420,0.23,0.01,-0.43
0.430,0.53,0.17,9.51,0.430,0.12,0.00,0.45,0.430,0.23,0.00,-0.46
0.440,0.54,0.27,9.01,0.440,0.12,0.00,0.02,0.440,0.23,0.00,0.00
0.450,0.54,0.35,8.93,0.450,0.12,3.10E-4,-0.43,0.450,0.23,0.00,0.03
0.460,0.54,0.45,9.42,0.460,0.12,-0.01,-0.46,0.460,0.23,5.72E-4,-0.43
0.470,0.55,0.54,9.41,0.470,0.12,-0.01,0.43,0.470,0.23,-0.01,-0.49
0.480,0.55,0.64,9.48,0.480,0.12,0.00,0.45,0.480,0.23,-0.01,0.46
0.490,0.56,0.73,8.90,0.490,0.12,0.00,0.00,0.490,0.23,5.71E-4,0.03
0.500,0.57,0.82,9.25,0.500,0.12,0.00,0.00,0.500,0.23,-0.01,-0.46
0.510,0.58,0.92,10.31,0.510,0.12,0.00,0.00,0.510,0.23,-0.01,1.13E-15
0.520,0.59,1.02,9.95,0.520,0.12,0.00,0.02,0.520,0.23,-0.01,-6.94E-14
0.530,0.60,1.12,8.94,0.530,0.12,3.10E-4,-0.43,0.530,0.23,-0.01,0.00
0.540,0.61,1.20,8.78,0.540,0.12,-0.01,-0.46,0.540,0.23,-0.01,6.94E-14
0.550,0.62,1.29,9.86,0.550,0.12,-0.01,0.45,0.550,0.23,-0.01,0.03
0.560,0.64,1.40,9.42,0.560,0.12,3.09E-4,0.02,0.560,0.23,-0.01,-0.43
0.570,0.65,1.48,8.83,0.570,0.12,-0.01,-0.46,0.570,0.23,-0.02,-0.46
0.580,0.67,1.57,9.33,0.580,0.12,-0.01,0.43,0.580,0.23,-0.02,-6.94E-14
0.590,0.68,1.67,9.32,0.590,0.12,0.00,0.46,0.590,0.23,-0.02,6.94E-14
0.600,0.70,1.76,9.22,0.600,0.12,3.09E-4,-0.43,0.600,0.23,-0.02,-4.68E-15
0.610,0.72,1.85,9.73,0.610,0.12,-0.01,-0.46,0.610,0.23,-0.02,-4.68E-15
0.620,0.74,1.95,9.91,0.620,0.12,-0.01,0.45,0.620,0.23,-0.02,-0.03
0.630,0.76,2.05,10.15,0.630,0.12,3.08E-4,0.02,0.630,0.23,-0.02,0.43
0.640,0.78,2.16,5.55,0.640,0.12,-0.01,-0.45,0.640,0.23,-0.01,0.49
0.650,0.80,2.16,2.52,0.650,0.12,-0.01,0.00,0.650,0.23,-0.01,-0.46
0.660,0.82,2.21,-26.52,0.660,0.12,-0.01,0.00,0.660,0.23,-0.02,-0.03
0.670,0.84,1.63,-99.67,0.670,0.12,-0.01,-3.47E-14,0.670,0.23,-0.01,0.49
0.680,0.85,0.21,-103.54,0.680,0.12,-0.01,-3.47E-14,0.680,0.23,-0.01,-0.46
0.690,0.85,-0.44,-23.09,0.690,0.12,-0.01,0.02,0.690,0.23,-0.02,-0.03
0.700,0.84,-0.25,19.51,0.700,0.12,-0.01,-0.45,0.700,0.23,-0.01,0.49
0.710,0.84,-0.05,-1.68,0.710,0.12,-0.02,-0.03,0.710,0.23,-0.01,-0.46
0.720,0.84,-0.28,1.00,0.720,0.12,-0.01,0.86,0.720,0.23,-0.02,-0.03
0.730,0.84,-0.03,23.51,0.730,0.12,-3.06E-4,0.72,0.730,0.23,-0.01,0.46
0.740,0.84,0.19,-49.25,0.740,0.12,0.01,4.75,0.740,0.23,-0.01,-6.70E-14
0.750,0.84,-1.02,-73.23,0.750,0.12,0.09,4.61,0.750,0.23,-0.01,-1.39E-13
0.760,0.82,-1.27,6.91,0.760,0.12,0.10,-4.50,0.760,0.23,-0.01,-6.94E-14
0.770,0.81,-0.88,76.43,0.770,0.12,0.00,1.07,0.770,0.23,-0.01,0.03
0.780,0.80,0.25,63.41,0.780,0.12,0.12,7.76,0.780,0.23,-0.01,-0.46
0.790,0.82,0.39,-33.28,0.790,0.13,0.16,-4.99,0.790,0.23,-0.02,-0.03
0.800,0.81,-0.41,-53.07,0.800,0.13,0.02,-10.12,0.800,0.22,-0.01,0.46
0.810,0.81,-0.67,4.85,0.810,0.13,-0.04,-3.38,0.810,0.22,-0.01,-0.03
0.820,0.80,-0.31,19.50,0.820,0.13,-0.05,-5.16,0.820,0.22,-0.01,0.43
0.830,0.81,-0.28,-9.10,0.830,0.13,-0.15,-5.54,0.830,0.22,0.00,0.43
0.840,0.79,-0.50,28.98,0.840,0.12,-0.16,5.10,0.840,0.22,-5.62E-4,0.37
0.850,0.80,0.30,52.31,0.850,0.12,-0.04,7.09,0.850,0.22,0.01,1.21
0.860,0.80,0.55,-38.37,0.860,0.12,-0.02,1.34,0.860,0.22,0.02,2.44
0.870,0.81,-0.47,-67.36,0.870,0.12,-0.02,-0.02,0.870,0.23,0.06,4.56
0.880,0.79,-0.80,35.46,0.880,0.12,-0.02,0.41,0.880,0.23,0.11,7.16
0.890,0.79,0.24,79.89,0.890,0.12,-0.01,0.88,0.890,0.23,0.20,9.44
0.900,0.79,0.80,6.17,0.900,0.12,0.00,0.45,0.900,0.23,0.30,10.41
0.910,0.81,0.36,-54.31,0.910,0.12,0.00,0.00,0.910,0.23,0.41,-4.65
0.920,0.80,-0.29,-28.15,0.920,0.12,0.00,0.00,0.920,0.24,0.21,-8.05
0.930,0.80,-0.20,29.71,0.930,0.12,0.00,-0.05,0.930,0.24,0.25,22.29
0.940,0.80,0.31,44.02,0.940,0.12,-9.18E-4,1.18,0.940,0.24,0.66,35.79
0.950,0.81,0.68,-21.84,0.950,0.12,0.02,4.39,0.950,0.25,0.96,26.56
0.960,0.81,-0.13,-24.73,0.960,0.12,0.09,1.94,0.960,0.26,1.19,8.19
0.970,0.80,0.19,32.32,0.970,0.12,0.06,-4.35,0.970,0.27,1.13,-5.81
0.980,0.81,0.52,-13.32,0.980,0.12,0.00,-3.10,0.980,0.28,1.07,2.41
0.990,0.81,-0.08,-3.27,0.990,0.12,3.10E-4,-0.41,0.990,0.30,1.17,9.82
1.000,0.81,0.45,5.85,1.000,0.12,-0.01,-0.89,1.000,0.31,1.27,9.31
1.010,0.82,0.04,-20.47,1.010,0.12,-0.02,-0.03,1.010,0.32,1.36,9.77
1.020,0.81,0.04,46.03,1.020,0.12,-0.01,0.86,1.020,0.34,1.46,9.80
1.030,0.82,0.96,19.07,1.030,0.12,-3.10E-4,0.86,1.030,0.35,1.56,9.28
1.040,0.83,0.42,-45.15,1.040,0.12,0.01,1.05,1.040,0.37,1.65,9.75
1.050,0.83,0.06,-19.51,1.050,0.12,0.02,-4.25,1.050,0.38,1.75,9.79
1.060,0.83,0.03,-1.17,1.060,0.12,-0.08,-5.95,1.060,0.40,1.84,9.31
1.070,0.83,0.03,2.41,1.070,0.12,-0.10,4.13,1.070,0.42,1.94,9.30
1.080,0.84,0.08,-11.48,1.080,0.12,0.01,9.39,1.080,0.44,2.03,67.25
1.090,0.84,-0.20,7.97,1.090,0.12,0.09,-0.68,1.090,0.46,3.28,-422.06
1.100,0.83,0.24,16.13,1.100,0.12,-0.01,-6.28,1.100,0.51,-6.41,-28.87
1.110,0.84,0.13,-35.83,1.110,0.12,-0.04,1.29,1.110,0.33,2.71,308.92
1.120,0.83,-0.47,-21.23,1.120,0.12,0.02,1.29,1.120,0.56,-0.23,-85.74
1.130,0.83,-0.30,24.48,1.130,0.12,-0.01,1.31,1.130,0.33,0.99,696.03
1.140,0.83,0.02,5.52,1.140,0.12,0.04,1.04,1.140,0.58,13.69,84.27
1.150,0.83,-0.19,-35.93,1.150,0.12,0.01,-4.39,1.150,0.60,2.68,-534.47
1.160,0.82,-0.70,-20.86,1.160,0.12,-0.04,-1.97,1.160,0.63,3.00,10.16
1.170,0.82,-0.61,9.08,1.170,0.12,-0.03,4.23,1.170,0.66,2.88,-0.97
1.180,0.81,-0.52,8.97,1.180,0.12,0.04,29.91,1.180,0.69,2.98,10.24
1.190,0.81,-0.43,9.59,1.190,0.12,0.57,57.52,1.190,0.72,3.08,9.29
1.200,0.80,-0.33,8.86,1.200,0.13,1.19,41.27,1.200,0.75,3.17,8.69
1.210,0.80,-0.25,9.81,1.210,0.15,1.39,21.13,1.210,0.79,3.26,8.98
1.220,0.80,-0.13,10.83,1.220,0.16,1.61,15.39,1.220,0.82,3.35,18.52
1.230,0.80,-0.03,8.27,1.230,0.18,1.70,4.14,1.230,0.85,3.63,21.86
1.240,0.80,0.03,7.44,1.240,0.20,1.70,4.84,1.240,0.89,3.78,-160.89
1.250,0.80,0.12,8.72,1.250,0.21,1.80,9.30,1.250,0.93,0.41,-337.53
1.260,0.80,0.21,10.30,1.260,0.23,1.88,9.25,1.260,0.90,-2.97,-171.86
1.270,0.80,0.32,10.69,1.270,0.25,1.98,10.21,1.270,0.87,-3.03,2.33
1.280,0.81,0.42,10.40,1.280,0.27,2.09,9.32,1.280,0.84,-2.92,10.78
1.290,0.81,0.53,3.09,1.290,0.29,2.17,8.82,1.290,0.81,-2.81,9.80
1.300,0.82,0.48,-12.38,1.300,0.32,2.26,9.27,1.300,0.78,-2.73,9.05
1.310,0.82,0.28,4.12,1.310,0.34,2.36,9.22,1.310,0.76,-2.63,10.11
1.320,0.82,0.56,28.25,1.320,0.36,2.45,9.68,1.320,0.73,-2.52,10.28
1.330,0.83,0.85,-2.70,1.330,0.39,2.55,9.72,1.330,0.70,-2.42,9.23
1.340,0.84,0.51,-49.79,1.340,0.41,2.64,9.24,1.340,0.68,-2.34,9.05
1.350,0.84,-0.15,-37.11,1.350,0.44,2.73,9.17,1.350,0.66,-2.24,10.08
1.360,0.84,-0.23,2.15,1.360,0.47,2.83,9.65,1.360,0.64,-2.14,10.15
1.370,0.84,-0.11,-21.16,1.370,0.50,2.93,9.70,1.370,0.62,-2.04,9.56
1.380,0.83,-0.66,5.46,1.380,0.53,3.02,9.21,1.380,0.60,-1.95,10.12
1.390,0.82,0.00,24.04,1.390,0.56,3.11,9.20,1.390,0.58,-1.84,9.69
1.400,0.83,-0.17,-8.44,1.400,0.59,3.20,9.20,1.400,0.56,-1.75,9.03
1.410,0.82,-0.17,41.69,1.410,0.62,3.30,9.19,1.410,0.54,-1.66,10.03
1.420,0.83,0.66,16.44,1.420,0.65,3.39,9.09,1.420,0.53,-1.55,10.09
1.430,0.83,0.16,-40.24,1.430,0.69,3.48,9.69,1.430,0.51,-1.46,9.58
1.440,0.83,-0.15,-25.74,1.440,0.72,3.58,11.12,1.440,0.50,-1.36,9.57
1.450,0.83,-0.35,-17.06,1.450,0.76,3.70,8.73,1.450,0.48,-1.26,9.56
1.460,0.83,-0.49,0.29,1.460,0.80,3.76,4.24,1.460,0.47,-1.17,9.55
1.470,0.82,-0.35,23.35,1.470,0.84,3.79,-167.50,1.470,0.46,-1.07,9.55
1.480,0.82,-0.02,16.76,1.480,0.87,0.41,-275.27,1.480,0.45,-0.98,9.54
1.490,0.82,-0.01,-16.00,1.490,0.84,-1.72,23.95,1.490,0.44,-0.88,9.48
1.500,0.82,-0.34,12.02,1.500,0.84,0.89,217.80,1.500,0.43,-0.79,9.95
1.510,0.81,0.23,44.07,1.510,0.86,2.64,18.77,1.510,0.42,-0.68,10.05
1.520,0.82,0.54,-16.30,1.520,0.89,1.26,-124.26,1.520,0.42,-0.59,9.08
1.530,0.82,-0.10,-31.70,1.530,0.89,0.15,-144.09,1.530,0.41,-0.50,8.97
1.540,0.82,-0.09,18.26,1.540,0.90,-1.62,-119.42,1.540,0.41,-0.41,9.92
1.550,0.82,0.27,-3.81,1.550,0.85,-2.24,63.23,1.550,0.40,-0.30,9.97
1.560,0.83,-0.17,-53.93,1.560,0.85,-0.36,121.78,1.560,0.40,-0.21,9.48
1.570,0.82,-0.81,-11.29,1.570,0.85,0.20,131.60,1.570,0.40,-0.11,9.42
1.580,0.81,-0.39,24.86,1.580,0.85,2.28,-42.81,1.580,0.40,-0.02,9.89
1.590,0.81,-0.31,27.47,1.590,0.89,-0.66,-187.76,1.590,0.40,0.08,9.98
1.600,0.81,0.15,28.81,1.600,0.84,-1.48,151.30,1.600,0.40,0.18,8.96
1.610,0.81,0.26,-27.28,1.610,0.86,2.37,17.77,1.610,0.40,0.26,9.39
1.620,0.81,-0.39,-12.99,1.620,0.89,-1.12,-181.35,1.620,0.41,0.37,9.91
1.630,0.81,0.00,31.75,1.630,0.84,-1.26,136.79,1.630,0.41,0.46,9.37
1.640,0.81,0.24,-11.95,1.640,0.86,1.61,86.00,1.640,0.42,0.55,9.84
1.650,0.81,-0.24,-12.98,1.650,0.87,0.46,-75.53,1.650,0.42,0.66,9.88
1.660,0.81,-0.02,32.88,1.660,0.87,0.10,-44.75,1.660,0.43,0.75,9.40
1.670,0.81,0.42,-1.36,1.670,0.87,-0.43,-15.37,1.670,0.44,0.85,9.39
1.680,0.81,-0.04,-23.06,1.680,0.86,-0.21,58.04,1.680,0.45,0.94,9.32
1.690,0.81,-0.04,12.02,1.690,0.87,0.73,42.35,1.690,0.46,1.03,9.80
1.700,0.81,0.20,1.07,1.700,0.88,0.64,-26.20,1.700,0.47,1.14,9.91
1.710,0.81,-0.02,0.53,1.710,0.88,0.20,-40.97,1.710,0.48,1.23,8.87
1.720,0.81,0.21,-0.42,1.720,0.88,-0.18,-36.06,1.720,0.49,1.31,9.29
1.730,0.82,-0.03,-14.27,1.730,0.88,-0.52,-13.94,1.730,0.50,1.42,9.83
1.740,0.81,-0.08,12.78,1.740,0.87,-0.46,34.91,1.740,0.52,1.51,9.27
1.750,0.82,0.23,5.01,1.750,0.87,0.18,20.94,1.750,0.53,1.60,9.75
1.760,0.82,0.02,-12.13,1.760,0.88,-0.04,2.00,1.760,0.55,1.70,9.81
1.770,0.82,-0.01,-0.63,1.770,0.87,0.22,26.72,1.770,0.57,1.80,9.23
1.780,0.82,0.01,-1.31,1.780,0.88,0.50,-12.44,1.780,0.59,1.89,9.65
1.790,0.82,-0.04,7.74,1.790,0.88,-0.03,-89.22,1.790,0.61,1.99,10.30
1.800,0.82,0.17,11.52,1.800,0.88,-1.29,-125.84,1.800,0.63,2.10,9.36
1.810,0.82,0.19,-12.06,1.810,0.85,-2.55,-59.76,1.810,0.65,2.18,8.69
1.820,0.82,-0.08,8.61,1.820,0.83,-2.48,8.37,1.820,0.67,2.27,9.61
1.830,0.82,0.36,11.87,1.830,0.80,-2.38,10.63,1.830,0.69,2.37,10.20
1.840,0.83,0.16,-20.69,1.840,0.78,-2.27,10.09,1.840,0.72,2.47,9.67
1.850,0.82,-0.05,1.63,1.850,0.76,-2.18,10.07,1.850,0.74,2.56,9.87
1.860,0.83,0.19,5.15,1.860,0.74,-2.07,10.25,1.860,0.77,2.67,8.90
1.870,0.83,0.05,-11.76,1.870,0.72,-1.97,9.10,1.870,0.80,2.74,7.98
1.880,0.83,-0.04,-6.78,1.880,0.70,-1.89,9.52,1.880,0.82,2.83,13.69
1.890,0.83,-0.08,6.74,1.890,0.68,-1.78,10.13,1.890,0.85,3.02,32.22
1.900,0.83,0.09,5.28,1.900,0.66,-1.69,9.52,1.900,0.88,3.47,-107.25
1.910,0.83,0.02,-9.34,1.910,0.65,-1.59,9.94,1.910,0.92,0.87,-294.00
1.920,0.83,-0.09,5.07,1.920,0.63,-1.49,10.53,1.920,0.90,-2.41,-176.12
1.930,0.83,0.12,11.56,1.930,0.62,-1.38,10.09,1.930,0.87,-2.65,-6.93
1.940,0.83,0.14,-7.13,1.940,0.60,-1.29,9.56,1.940,0.85,-2.54,10.22
1.950,0.83,-0.02,-14.33,1.950,0.59,-1.19,9.49,1.950,0.82,-2.45,11.62
1.960,0.83,-0.15,-7.42,1.960,0.58,-1.10,9.98,1.960,0.80,-2.31,-0.89
1.970,0.83,-0.17,2.54,1.970,0.57,-0.99,10.05,1.970,0.78,-2.47,5.73
1.980,0.83,-0.10,26.32,1.980,0.56,-0.89,9.53,1.980,0.75,-2.20,30.81
1.990,0.82,0.36,16.00,1.990,0.55,-0.80,9.52,1.990,0.73,-1.85,11.07
2.000,0.83,0.22,-30.23,2.000,0.54,-0.70,9.45,2.000,0.71,-1.98,-1.10
2.010,0.83,-0.24,-2.38,2.010,0.54,-0.61,9.94,2.010,0.69,-1.87,10.65
2.020,0.83,0.17,8.81,2.020,0.53,-0.51,10.00,2.020,0.68,-1.76,9.69
2.030,0.83,-0.07,-9.92,2.030,0.53,-0.41,9.56,2.030,0.66,-1.68,9.00
2.040,0.83,-0.02,4.90,2.040,0.52,-0.31,8.99,2.040,0.64,-1.58,10.02
2.050,0.83,0.03,-19.54,2.050,0.52,-0.23,9.35,2.050,0.63,-1.48,10.09
2.060,0.83,-0.41,7.75,2.060,0.52,-0.13,10.46,2.060,0.61,-1.38,9.57
2.070,0.82,0.18,30.66,2.070,0.52,-0.02,9.59,2.070,0.60,-1.29,9.56
2.080,0.83,0.20,-21.21,2.080,0.52,0.06,8.46,2.080,0.59,-1.19,9.49
2.090,0.83,-0.24,-13.99,2.090,0.52,0.15,9.38,2.090,0.58,-1.10,10.05
2.100,0.83,-0.08,11.12,2.100,0.52,0.25,10.00,2.100,0.57,-0.99,9.61
2.110,0.83,-0.02,3.41,2.110,0.52,0.35,11.46,2.110,0.56,-0.90,8.96
2.120,0.83,-0.01,-0.96,2.120,0.53,0.48,-4.36,2.120,0.55,-0.81,9.96
2.130,0.83,-0.04,-2.18,2.130,0.53,0.26,-33.27,2.130,0.54,-0.70,10.02
2.140,0.82,-0.06,8.95,2.140,0.53,-0.18,36.77,2.140,0.53,-0.61,9.51
2.150,0.82,0.14,1.47,2.150,0.53,1.00,88.60,2.150,0.53,-0.51,9.50
2.160,0.83,-0.03,-19.09,2.160,0.55,1.59,-3.69,2.160,0.52,-0.42,9.49
2.170,0.82,-0.24,-1.57,2.170,0.56,0.92,-29.67,2.170,0.52,-0.32,9.48
2.180,0.82,-0.06,17.24,2.180,0.57,0.99,8.74,2.180,0.52,-0.23,9.48
2.190,0.82,0.11,11.56,2.190,0.58,1.10,10.45,2.190,0.51,-0.13,9.47
2.200,0.83,0.17,-5.40,2.200,0.59,1.20,8.93,2.200,0.51,-0.04,9.46
2.210,0.83,0.00,-11.17,2.210,0.61,1.28,8.70,2.210,0.51,0.05,9.45
2.220,0.83,-0.05,3.49,2.220,0.62,1.38,10.27,2.220,0.52,0.15,9.38
2.230,0.82,0.07,-0.56,2.230,0.63,1.48,9.84,2.230,0.52,0.24,9.87
2.240,0.83,-0.06,-16.73,2.240,0.65,1.57,9.33,2.240,0.52,0.35,9.92
2.250,0.82,-0.27,-15.35,2.250,0.66,1.67,9.23,2.250,0.52,0.44,9.42
2.260,0.82,-0.37,6.46,2.260,0.68,1.76,9.83,2.260,0.53,0.53,9.41
2.270,0.82,-0.14,33.21,2.270,0.70,1.86,9.39,2.270,0.53,0.63,9.34
2.280,0.82,0.30,15.85,2.280,0.72,1.95,8.69,2.280,0.54,0.72,9.83
2.290,0.82,0.18,-13.81,2.290,0.74,2.04,9.72,2.290,0.55,0.83,9.96
2.300,0.82,0.02,-10.36,2.300,0.76,2.14,10.00,2.300,0.56,0.92,8.88
2.310,0.82,-0.03,-4.37,2.310,0.78,2.24,16.15,2.310,0.57,1.00,9.23
2.320,0.82,-0.07,0.12,2.320,0.80,2.46,-8.88,2.320,0.58,1.11,10.37
2.330,0.82,-0.03,2.23,2.330,0.83,2.06,-78.58,2.330,0.59,1.21,9.35
2.340,0.82,-0.02,-0.64,2.340,0.85,0.89,-117.98,2.340,0.60,1.29,9.20
2.350,0.82,-0.04,-0.90,2.350,0.85,-0.30,-46.22,2.350,0.62,1.39,10.35
2.360,0.82,-0.04,6.23,2.360,0.84,-0.03,22.78,2.360,0.63,1.50,9.33
2.370,0.82,0.09,7.52,2.370,0.85,0.16,4.69,2.370,0.65,1.58,9.17
2.380,0.82,0.11,-4.32,2.380,0.84,0.06,-13.66,2.380,0.66,1.68,10.25
2.390,0.82,-3.82E-4,-7.47,2.390,0.85,-0.12,-24.97,2.390,0.68,1.79,9.82
2.400,0.82,-0.04,-2.66,2.400,0.84,-0.44,3.11,2.400,0.70,1.88,9.40
2.410,0.82,-0.05,-2.05E-4,2.410,0.84,-0.05,30.80,2.410,0.72,1.97,8.77
2.420,0.82,-0.04,0.31,2.420,0.84,0.18,14.09,2.420,0.74,2.05,9.11
2.430,0.82,-0.05,-0.47,2.430,0.84,0.23,-9.10,2.430,0.76,2.16,10.22
2.440,0.82,-0.05,-4.83,2.440,0.84,0.00,-1.25,2.440,0.78,2.26,9.79
2.450,0.82,-0.14,-6.25,2.450,0.84,0.20,11.19,2.450,0.80,2.35,9.26
2.460,0.82,-0.18,3.46,2.460,0.85,0.22,-19.99,2.460,0.83,2.44,9.26
2.470,0.82,-0.07,6.82,2.470,0.85,-0.20,-23.02,2.470,0.85,2.54,32.48
2.480,0.82,-0.04,-0.89,2.480,0.84,-0.24,8.28,2.480,0.88,3.09,-43.61
2.490,0.81,-0.09,5.72,2.490,0.84,-0.03,13.60,2.490,0.91,1.67,-221.29
2.500,0.81,0.08,11.18,2.500,0.84,0.03,-8.72,2.500,0.91,-1.33,-200.91
2.510,0.82,0.13,-8.83,2.510,0.84,-0.21,10.01,2.510,0.89,-2.35,-46.36
2.520,0.82,-0.10,-11.73,2.520,0.84,0.23,11.71,2.520,0.86,-2.26,10.18
2.530,0.81,-0.10,-2.25,2.530,0.85,0.03,-15.22,2.530,0.84,-2.15,9.85
2.540,0.81,-0.15,-3.65,2.540,0.84,-0.07,10.15,2.540,0.82,-2.06,8.66
2.550,0.81,-0.18,5.54,2.550,0.85,0.23,-1.23,2.550,0.80,-1.98,9.18
2.560,0.81,-0.04,13.67,2.560,0.84,-0.10,-19.71,2.560,0.78,-1.88,9.09
2.570,0.81,0.10,-2.05,2.570,0.85,-0.16,-6.21,2.570,0.76,-1.79,9.41
2.580,0.81,-0.08,-14.46,2.580,0.84,-0.22,0.45,2.580,0.75,-1.69,10.56
2.590,0.81,-0.19,-0.79,2.590,0.84,-0.15,2.75,2.590,0.73,-1.58,10.12
2.600,0.81,-0.09,6.61,2.600,0.84,-0.17,13.42,2.600,0.71,-1.49,9.67
2.610,0.81,-0.06,2.10,2.610,0.84,0.11,14.42,2.610,0.70,-1.39,9.14
2.620,0.81,-0.05,-2.35,2.620,0.84,0.12,-2.51,2.620,0.69,-1.30,8.96
2.630,0.81,-0.11,-1.69,2.630,0.84,0.06,-12.86,2.630,0.67,-1.21,9.99
2.640,0.81,-0.08,0.63,2.640,0.84,-0.14,-11.29,2.640,0.66,-1.11,10.07
2.650,0.80,-0.09,-0.53,2.650,0.84,-0.16,14.27,2.650,0.65,-1.01,9.54
2.660,0.80,-0.09,0.10,2.660,0.84,0.15,15.03,2.660,0.64,-0.91,9.53
2.670,0.80,-0.09,-0.53,2.670,0.84,0.14,-13.75,2.670,0.63,-0.82,9.45
2.680,0.80,-0.11,0.10,2.680,0.84,-0.12,-13.72,2.680,0.63,-0.73,9.95
2.690,0.80,-0.09,-0.33,2.690,0.84,-0.14,-5.51,2.690,0.62,-0.62,10.02
2.700,0.80,-0.11,-1.06,2.700,0.84,-0.24,8.26,2.700,0.61,-0.52,9.50
2.710,0.80,-0.11,0.10,2.710,0.83,0.03,7.61,2.710,0.61,-0.43,9.49
2.720,0.80,-0.11,-0.33,2.720,0.84,-0.08,-18.17,2.720,0.60,-0.34,9.41
2.730,0.80,-0.12,-0.96,2.730,0.83,-0.33,2.42,2.730,0.60,-0.24,9.91
2.740,0.80,-0.13,-0.53,2.740,0.83,-0.03,12.49,2.740,0.60,-0.14,10.05
2.750,0.79,-0.13,0.10,2.750,0.83,-0.08,16.28,2.750,0.60,-0.04,8.96
2.760,0.79,-0.13,-0.43,2.760,0.83,0.29,-7.97,2.760,0.60,0.04,9.38
2.770,0.79,-0.14,-0.53,2.770,0.84,-0.24,45.46,2.770,0.60,0.15,9.95
2.780,0.79,-0.14,-0.10,2.780,0.83,1.20,-390.94,2.780,0.60,0.24,9.36
2.790,0.79,-0.14,0.63,2.790,0.86,-8.06,-520.26,2.790,0.60,0.33,9.94
2.800,0.79,-0.13,-0.53,2.800,0.66,-9.20,441.08,2.800,0.61,0.44,9.50
2.810,0.79,-0.15,-0.20,2.810,0.68,0.76,486.86,2.810,0.61,0.52,8.83
2.820,0.78,-0.13,-0.02,2.820,0.68,0.53,1.25,2.820,0.62,0.62,9.76
2.830,0.78,-0.15,4.24,2.830,0.69,0.78,14.12,2.830,0.63,0.72,10.33
2.840,0.78,-0.04,9.32,2.840,0.70,0.82,3.58,2.840,0.63,0.82,9.90
2.850,0.78,0.04,-2.89,2.850,0.70,0.86,-8.35,2.850,0.64,0.92,9.30
2.860,0.78,-0.10,-8.86,2.860,0.71,0.65,-18.81,2.860,0.65,1.01,9.80
2.870,0.78,-0.14,-6.14,2.870,0.72,0.48,-9.33,2.870,0.66,1.11,9.88
2.880,0.78,-0.22,-2.42,2.880,0.72,0.46,-5.38,2.880,0.67,1.21,9.36
2.890,0.78,-0.19,6.70,2.890,0.73,0.37,-16.67,2.890,0.69,1.30,9.35
2.900,0.78,-0.09,5.24,2.900,0.73,0.13,-17.98,2.900,0.70,1.39,9.25
2.910,0.77,-0.08,-8.42,2.910,0.73,0.01,2.58,2.910,0.71,1.49,9.67
2.920,0.77,-0.26,-2.71,2.920,0.73,0.18,-1.99,2.920,0.73,1.59,10.37
2.930,0.77,-0.14,14.83,2.930,0.73,-0.03,-19.47,2.930,0.75,1.69,9.41
2.940,0.77,0.04,1.02,2.940,0.73,-0.21,-9.41,2.940,0.76,1.78,8.69
2.950,0.77,-0.12,-8.33,2.950,0.73,-0.22,-6.78,2.950,0.78,1.87,9.73
2.960,0.77,-0.13,-0.43,2.960,0.72,-0.35,-8.85,2.960,0.80,1.97,9.71
2.970,0.77,-0.13,1.29,2.970,0.72,-0.39,-14.83,2.970,0.82,2.06,9.72
2.980,0.77,-0.10,-10.07,2.980,0.72,-0.64,-19.36,2.980,0.84,2.16,11.46
2.990,0.77,-0.33,-3.20,2.990,0.71,-0.78,-2.11,2.990,0.86,2.29,29.45
3.000,0.76,-0.17,20.38,3.000,0.70,-0.68,-0.93,3.000,0.89,2.75,-69.19
3.010,0.76,0.08,2.25,3.010,0.69,-0.80,-11.34,3.010,0.92,0.91,-223.51
3.020,0.76,-0.12,-9.55,3.020,0.69,-0.91,-8.25,3.020,0.91,-1.72,-147.73
3.030,0.76,-0.11,0.71,3.030,0.68,-0.96,-7.82,3.030,0.88,-2.05,-11.65
3.040,0.76,-0.11,-0.77,3.040,0.67,-1.07,-10.90,3.040,0.86,-1.95,9.08
3.050,0.76,-0.13,-1.39,3.050,0.65,-1.18,-7.68,3.050,0.85,-1.87,9.50
3.060,0.76,-0.14,-1.14,3.060,0.64,-1.22,-8.36,3.060,0.83,-1.76,10.34
3.070,0.75,-0.15,0.71,3.070,0.63,-1.35,-10.46,3.070,0.81,-1.66,8.63
3.080,0.75,-0.12,-0.48,3.080,0.62,-1.43,-11.39,3.080,0.79,-1.59,8.85
3.090,0.75,-0.16,-3.05,3.090,0.60,-1.58,-5.58,3.090,0.78,-1.48,10.64
3.100,0.75,-0.18,-0.53,3.100,0.58,-1.54,1.88,3.100,0.76,-1.37,9.58
3.110,0.75,-0.17,0.56,3.110,0.57,-1.54,-14.26,3.110,0.75,-1.29,9.47
3.120,0.75,-0.17,-2.58,3.120,0.55,-1.83,-19.48,3.120,0.74,-1.19,10.08
3.130,0.74,-0.22,-3.42,3.130,0.53,-1.93,-8.26,3.130,0.73,-1.09,9.46
3.140,0.74,-0.24,1.47,3.140,0.51,-1.99,-5.86,3.140,0.72,-1.00,9.97
3.150,0.74,-0.19,0.89,3.150,0.49,-2.05,-0.69,3.150,0.71,-0.89,10.05
3.160,0.74,-0.22,-2.18,3.160,0.47,-2.01,-119.43,3.160,0.70,-0.79,9.52
3.170,0.74,-0.24,0.25,3.170,0.45,-4.43,1026.38,3.170,0.69,-0.70,9.52
3.180,0.73,-0.22,1.48,3.180,0.39,18.52,1329.68,3.180,0.69,-0.60,9.51
3.190,0.73,-0.21,0.25,3.190,0.83,22.16,-923.90,3.190,0.68,-0.51,9.50
3.200,0.73,-0.21,1.02,3.200,0.83,0.04,-1113.86,3.200,0.68,-0.41,9.49
3.210,0.73,-0.19,,3.210,0.83,-0.12,-1.58,3.210,0.67,-0.32,9.40
3.220,0.73,,,3.220,0.83,0.01,3.29,3.220,0.67,-0.23,9.91
,,,,3.230,0.83,-0.05,-3.72,3.230,0.67,-0.12,10.07
,,,,3.240,0.83,-0.06,2.36,3.240,0.67,-0.03,8.95
,,,,3.250,0.82,0.00,1.81,3.250,0.67,0.06,9.37
,,,,3.260,0.83,-0.03,-1.48,3.260,0.67,0.16,9.96
,,,,3.270,0.82,-0.03,1.82,3.270,0.67,0.26,9.35
,,,,3.280,0.82,0.01,2.22,3.280,0.67,0.35,9.94
,,,,3.290,0.82,0.01,-3.09,3.290,0.68,0.46,9.51
,,,,3.300,0.82,-0.05,-1.46,3.300,0.68,0.54,8.81
,,,,3.310,0.82,-0.02,4.69,3.310,0.69,0.63,9.83
,,,,3.320,0.82,0.04,1.15,3.320,0.69,0.74,9.91
,,,,3.330,0.82,0.00,-3.20,3.330,0.70,0.83,9.39
,,,,3.340,0.82,-0.02,-0.31,3.340,0.71,0.92,9.38
,,,,3.350,0.82,0.00,1.50,3.350,0.72,1.02,9.28
,,,,3.360,0.82,0.01,0.53,3.360,0.73,1.11,9.79
,,,,3.370,0.82,0.01,-0.21,3.370,0.74,1.21,9.88
,,,,3.380,0.82,0.00,1.27,3.380,0.76,1.31,9.25
,,,,3.390,0.82,0.03,-0.65,3.390,0.77,1.40,9.77
,,,,3.400,0.83,-0.01,-3.58,3.400,0.78,1.50,9.86
,,,,3.410,0.82,-0.04,7.16,3.410,0.80,1.60,9.33
,,,,3.420,0.82,0.13,3.66,3.420,0.82,1.69,9.32
,,,,3.430,0.83,0.04,-10.77,3.430,0.83,1.78,9.31
,,,,3.440,0.83,-0.08,274.68,3.440,0.85,1.88,10.63
,,,,3.450,0.83,5.53,-1009.09,3.450,0.87,1.99,27.56
,,,,3.460,0.94,-20.26,-1544.08,3.460,0.89,2.43,-58.79
,,,,3.470,0.42,-25.35,1070.95,3.470,0.92,0.82,-196.54
,,,,3.480,0.43,1.16,1330.16,3.480,0.91,-1.50,-131.63
,,,,3.490,0.44,1.25,0.67,3.490,0.89,-1.81,-10.66
,,,,3.500,0.45,1.17,-1.55,3.500,0.87,-1.72,9.71
,,,,3.510,0.47,1.22,-1.80,3.510,0.85,-1.62,9.06
,,,,3.520,0.48,1.13,-8.09,3.520,0.84,-1.54,9.48
,,,,3.530,0.49,1.06,-7.97,3.530,0.82,-1.43,10.22
,,,,3.540,0.50,0.97,-9.92,3.540,0.81,-1.33,9.04
,,,,3.550,0.51,0.86,-3.31,3.550,0.80,-1.25,9.46
,,,,3.560,0.52,0.91,5.76,3.560,0.79,-1.14,10.18
,,,,3.570,0.53,0.97,-16.48,3.570,0.77,-1.05,9.02
,,,,3.580,0.54,0.58,-30.70,3.580,0.76,-0.96,9.44
,,,,3.590,0.54,0.36,-10.08,3.590,0.75,-0.86,10.06
,,,,3.600,0.54,0.38,-4.47,3.600,0.75,-0.76,9.43
,,,,3.610,0.55,0.27,-9.51,3.610,0.74,-0.67,10.03
,,,,3.620,0.55,0.19,-9.16,3.620,0.73,-0.56,9.51
,,,,3.630,0.55,0.09,-8.03,3.630,0.73,-0.48,9.40
,,,,3.640,0.55,0.03,-9.99,3.640,0.72,-0.37,10.01
,,,,3.650,0.55,-0.11,-3.08,3.650,0.72,-0.28,9.39
,,,,3.660,0.55,-0.04,-0.12,3.660,0.72,-0.19,9.99
,,,,3.670,0.55,-0.11,-17.14,3.670,0.72,-0.08,9.56
,,,,3.680,0.55,-0.38,-25.30,3.680,0.72,0.01,8.94
,,,,3.690,0.54,-0.62,-18.93,3.690,0.72,0.10,9.45
,,,,3.700,0.53,-0.76,-5.25,3.700,0.72,0.20,9.35
,,,,3.710,0.53,-0.72,10.40,3.710,0.72,0.29,9.86
,,,,3.720,0.52,-0.55,-4.45,3.720,0.72,0.39,10.04
,,,,3.730,0.52,-0.81,-23.51,3.730,0.73,0.49,8.90
,,,,3.740,0.50,-1.02,6.57,3.740,0.73,0.57,9.23
,,,,3.750,0.50,-0.68,-4.97,3.750,0.74,0.67,10.35
,,,,3.760,0.49,-1.12,-37.79,3.760,0.75,0.78,9.92
,,,,3.770,0.47,-1.44,-11.85,3.770,0.76,0.87,9.48
,,,,3.780,0.46,-1.36,-99.86,3.780,0.77,0.97,8.85
,,,,3.790,0.45,-3.44,1016.46,3.790,0.78,1.05,9.18
,,,,3.800,0.39,18.97,1258.96,3.800,0.79,1.15,10.42
,,,,3.810,0.83,21.74,-947.54,3.810,0.80,1.26,9.45
,,,,3.820,0.83,0.02,-1087.94,3.820,0.81,1.34,8.72
,,,,3.830,0.83,-0.01,-1.65,3.830,0.83,1.43,9.66
,,,,3.840,0.83,-0.01,7.60,3.840,0.84,1.53,10.29
,,,,3.850,0.83,0.14,6.55,3.850,0.86,1.64,10.52
,,,,3.860,0.83,0.12,-8.03,3.860,0.87,1.74,26.22
,,,,3.870,0.83,-0.02,-5.23,3.870,0.89,2.16,-43.18
,,,,3.880,0.83,0.02,-0.22,3.880,0.92,0.88,-168.82
,,,,3.890,0.83,-0.03,-2.12,3.890,0.91,-1.22,-125.12
,,,,3.900,0.83,-0.03,3.91,3.900,0.89,-1.62,-15.69
,,,,3.910,0.83,0.05,-4.33,3.910,0.88,-1.53,10.02
,,,,3.920,0.83,-0.11,-11.81,3.920,0.86,-1.42,10.22
,,,,3.930,0.83,-0.19,3.08,3.930,0.85,-1.32,9.03
,,,,3.940,0.83,-0.05,14.40,3.940,0.83,-1.24,9.45
,,,,3.950,0.82,0.10,2.17,3.950,0.82,-1.14,10.19
,,,,3.960,0.83,-0.01,-11.61,3.960,0.81,-1.04,9.01
,,,,3.970,0.82,-0.13,0.59,3.970,0.80,-0.96,9.43
,,,,3.980,0.82,0.00,8.21,3.980,0.79,-0.85,10.06
,,,,3.990,0.82,0.03,-0.24,3.990,0.78,-0.75,9.52
,,,,4.000,0.83,-3.53E-4,-4.47,4.000,0.78,-0.66,9.51
,,,,4.010,0.82,-0.06,0.55,4.010,0.77,-0.56,9.50
,,,,4.020,0.82,0.01,2.87,4.020,0.77,-0.47,9.50
,,,,4.030,0.82,0.00,-1.17,4.030,0.76,-0.37,9.49
,,,,4.040,0.82,-0.01,0.43,4.040,0.76,-0.28,9.48
,,,,4.050,0.82,0.01,0.74,4.050,0.76,-0.18,9.38
,,,,4.060,0.82,0.00,-1.07,4.060,0.76,-0.09,9.90
,,,,4.070,0.82,-0.01,-0.31,4.070,0.75,0.01,9.98
,,,,4.080,0.82,0.00,2.63,4.080,0.76,0.11,9.45
,,,,4.090,0.82,0.04,-4.09,4.090,0.76,0.20,9.44
,,,,4.100,0.82,-0.09,-7.22,4.100,0.76,0.30,9.34
,,,,4.110,0.82,-0.10,3.34,4.110,0.76,0.39,9.85
,,,,4.120,0.82,-0.02,4.70,4.120,0.77,0.49,10.04
,,,,4.130,0.82,-0.01,0.53,4.130,0.77,0.59,8.88
,,,,4.140,0.82,-0.01,-0.21,4.140,0.78,0.67,9.21
,,,,4.150,0.82,-0.01,0.96,4.150,0.79,0.77,10.45
,,,,4.160,0.82,0.01,0.64,4.160,0.79,0.88,9.58
,,,,4.170,0.82,0.00,-0.43,4.170,0.80,0.97,8.32
,,,,4.180,0.82,0.00,-0.53,4.180,0.81,1.05,9.17
,,,,4.190,0.82,-0.01,1.03E-5,4.190,0.82,1.15,10.43
,,,,4.200,0.82,0.00,0.10,4.200,0.84,1.26,9.35
,,,,4.210,0.82,-0.01,-0.84,4.210,0.85,1.34,9.14
,,,,4.220,0.82,-0.01,1.70,4.220,0.86,1.44,12.30
,,,,4.230,0.82,0.03,-0.12,4.230,0.88,1.58,21.88
,,,,4.240,0.82,-0.02,-2.54,4.240,0.90,1.88,-54.30
,,,,4.250,0.82,-0.03,2.03,4.250,0.92,0.50,-158.58
,,,,4.260,0.82,0.02,0.74,4.260,0.91,-1.30,-96.96
,,,,4.270,0.82,-0.01,-1.37,4.270,0.89,-1.44,-2.03
,,,,4.280,0.82,0.00,1.39,4.280,0.88,-1.34,10.22
,,,,4.290,0.82,0.02,1.37,4.290,0.86,-1.24,9.02
,,,,4.300,0.82,0.02,-1.19,4.300,0.85,-1.16,9.44
,,,,4.310,0.82,-0.01,-2.44,4.310,0.84,-1.05,10.08
,,,,4.320,0.82,-0.03,1.19,4.320,0.83,-0.95,9.44
,,,,4.330,0.82,0.02,2.54,4.330,0.82,-0.86,9.96
,,,,4.340,0.82,0.03,-1.82,4.340,0.81,-0.75,10.06
,,,,4.350,0.82,-0.02,-2.01,4.350,0.81,-0.66,9.51
,,,,4.360,0.82,-0.01,2.23,4.360,0.80,-0.56,9.50
,,,,4.370,0.82,0.03,-0.12,4.370,0.80,-0.47,9.50
,,,,4.380,0.82,-0.02,-2.44,4.380,0.79,-0.37,9.49
,,,,4.390,0.82,-0.02,1.60,4.390,0.79,-0.28,9.48
,,,,4.400,0.82,0.01,0.41,4.400,0.79,-0.19,9.38
,,,,4.410,0.82,-0.02,-2.44,4.410,0.78,-0.09,9.90
,,,,4.420,0.82,-0.03,1.29,4.420,0.78,0.01,9.99
,,,,4.430,0.82,0.01,2.11,4.430,0.78,0.11,9.45
,,,,4.440,0.82,0.01,-2.56,4.440,0.79,0.20,9.44
,,,,4.450,0.82,-0.04,-0.94,4.450,0.79,0.30,9.33
,,,,4.460,0.82,-0.01,2.13,4.460,0.79,0.39,9.85
,,,,4.470,0.82,0.00,5.33E-5,4.470,0.80,0.49,9.95
,,,,4.480,0.82,-0.01,1.03E-5,4.480,0.80,0.59,9.41
,,,,4.490,0.82,0.00,-0.10,4.490,0.81,0.68,9.30
,,,,4.500,0.82,-0.01,0.64,4.500,0.82,0.77,9.82
,,,,4.510,0.82,0.01,-0.12,4.510,0.82,0.88,10.02
,,,,4.520,0.82,-0.02,-2.44,4.520,0.83,0.97,8.84
,,,,4.530,0.82,-0.03,0.98,4.530,0.84,1.05,9.27
,,,,4.540,0.82,0.00,3.50,4.540,0.85,1.16,9.89
,,,,4.550,0.82,0.04,-0.98,4.550,0.87,1.25,9.80
,,,,4.560,0.82,-0.02,-3.71,4.560,0.88,1.36,22.74
,,,,4.570,0.82,-0.04,2.46,4.570,0.89,1.71,-30.29
,,,,4.580,0.82,0.03,1.68,4.580,0.91,0.75,-131.88
,,,,4.590,0.82,0.00,-3.50,4.590,0.91,-0.93,-102.25
,,,,4.600,0.82,-0.04,0.98,4.600,0.89,-1.30,-12.84
,,,,4.610,0.82,0.02,3.50,4.610,0.88,-1.19,9.67
,,,,4.620,0.82,0.03,-1.39,4.620,0.87,-1.10,9.11
,,,,4.630,0.82,-0.01,-1.17,4.630,0.86,-1.00,9.11
,,,,4.640,0.82,0.01,0.84,4.640,0.85,-0.92,8.89
,,,,4.650,0.82,0.00,-1.80,4.650,0.84,-0.83,10.06
,,,,4.660,0.82,-0.03,0.65,4.660,0.83,-0.72,9.52
,,,,4.670,0.82,0.02,2.44,4.670,0.83,-0.64,9.40
,,,,4.680,0.82,0.02,-1.08,4.680,0.82,-0.53,10.14
,,,,4.690,0.82,0.00,-2.97,4.690,0.82,-0.43,8.96
,,,,4.700,0.82,-0.04,1.08,4.700,0.81,-0.35,9.28
,,,,4.710,0.82,0.02,3.07,4.710,0.81,-0.25,10.44
,,,,4.720,0.82,0.03,-1.62,4.720,0.81,-0.14,10.00
,,,,4.730,0.82,-0.02,-2.97,4.730,0.81,-0.05,9.46
,,,,4.740,0.82,-0.03,0.98,4.740,0.81,0.05,9.45
,,,,4.750,0.82,0.00,3.50,4.750,0.81,0.14,9.35
,,,,4.760,0.82,0.04,-1.19,4.760,0.81,0.23,9.97
,,,,4.770,0.82,-0.02,-2.75,4.770,0.81,0.34,9.53
,,,,4.780,0.82,-0.02,2.99,4.780,0.82,0.42,8.79
,,,,4.790,0.82,0.04,1.68,4.790,0.82,0.52,9.84
,,,,4.800,0.82,0.01,-3.40,4.800,0.83,0.62,9.83
,,,,4.810,0.82,-0.03,0.86,4.810,0.83,0.71,9.83
,,,,4.820,0.82,0.03,1.68,4.820,0.84,0.82,9.92
,,,,4.830,0.82,0.01,-3.30,4.830,0.85,0.91,9.38
,,,,4.840,0.82,-0.03,0.12,4.840,0.86,1.01,9.38
,,,,4.850,0.82,0.01,2.44,4.850,0.87,1.10,9.70
,,,,4.860,0.82,0.01,-1.39,4.860,0.88,1.20,21.92
,,,,4.870,0.82,-0.02,-1.27,4.870,0.89,1.54,-27.00
,,,,4.880,0.82,-0.01,1.37,4.880,0.91,0.66,-119.19
,,,,4.890,0.82,0.01,-1.39,4.890,0.91,-0.85,-90.71
,,,,4.900,0.82,-0.04,-1.58,4.900,0.89,-1.15,-10.65
,,,,4.910,0.82,-0.02,2.46,4.910,0.88,-1.06,9.55
,,,,4.920,0.82,0.01,1.27,4.920,0.87,-0.96,9.54
,,,,4.930,0.82,0.00,-1.17,4.930,0.86,-0.87,9.53
,,,,4.940,0.82,-0.01,0.64,4.940,0.86,-0.77,9.52
,,,,4.950,0.82,0.01,-0.02,4.950,0.85,-0.68,9.51
,,,,4.960,0.82,-0.01,-3.07,4.960,0.84,-0.58,9.51
,,,,4.970,0.82,-0.05,1.51,4.970,0.84,-0.49,9.50
,,,,4.980,0.82,0.02,3.40,4.980,0.83,-0.39,9.59
,,,,4.990,0.82,0.02,-0.76,4.990,0.83,-0.30,9.05
,,,,5.000,0.82,0.00,-1.50,5.000,0.83,-0.21,8.84
,,,,5.010,0.82,-0.01,-0.53,5.010,0.83,-0.12,9.90
,,,,5.020,0.82,-0.01,-1.33,5.020,0.82,-0.01,10.10
,,,,5.030,0.82,-0.04,5.59,5.030,0.82,0.08,9.02
,,,,5.040,0.82,0.10,8.15,5.040,0.83,0.17,8.70
,,,,5.050,0.82,0.13,-5.16,5.050,0.83,0.26,10.40
,,,,5.060,0.82,0.00,-6.18,5.060,0.83,0.37,10.17
,,,,5.070,0.82,0.00,-1.17,5.070,0.84,0.46,8.25
,,,,5.080,0.82,-0.02,0.12,5.080,0.84,0.54,9.74
,,,,5.090,0.82,0.01,1.10,5.090,0.85,0.65,10.47
,,,,5.100,0.82,0.00,4.09,5.100,0.85,0.75,9.29
,,,,5.110,0.82,0.09,7.01,5.110,0.86,0.84,9.93
,,,,5.120,0.82,0.14,-1.76,5.120,0.87,0.95,9.49
,,,,5.130,0.82,0.05,-6.74,5.130,0.88,1.03,18.78
,,,,5.140,0.83,0.00,-3.73,5.140,0.89,1.32,-12.06
,,,,5.150,0.82,-0.02,-0.31,5.150,0.91,0.79,-93.91
,,,,5.160,0.82,0.00,1.70,5.160,0.91,-0.56,-92.43
,,,,5.170,0.82,0.01,-0.12,5.170,0.90,-1.06,-20.44
,,,,5.180,0.83,0.00,-2.24,5.180,0.89,-0.96,9.43
,,,,5.190,0.82,-0.03,0.12,5.190,0.88,-0.87,9.96
,,,,5.200,0.82,0.00,2.44,5.200,0.87,-0.77,10.06
,,,,5.210,0.82,0.02,-1.29,5.210,0.86,-0.67,9.41
,,,,5.220,0.82,-0.03,-1.70,5.220,0.85,-0.58,9.94
,,,,5.230,0.82,-0.02,0.84,5.230,0.85,-0.47,10.14
,,,,5.240,0.82,-0.01,-1.70,5.240,0.85,-0.37,8.95
,,,,5.250,0.82,-0.05,-0.09,5.250,0.84,-0.29,
,,,,5.260,0.82,-0.01,3.30,5.260,0.84,,
,,,,5.270,0.82,0.01,-0.12,,,,
,,,,5.280,0.82,-0.02,-2.23,,,,
,,,,5.290,0.82,-0.03,0.12,,,,
,,,,5.300,0.82,-0.01,3.16,,,,
,,,,5.310,0.82,0.03,-3.79,,,,
,,,,5.320,0.82,-0.09,-8.72,,,,
,,,,5.330,0.82,-0.14,2.60,,,,
,,,,5.340,0.82,-0.04,5.45,,,,
,,,,5.350,0.82,-0.03,1.93,,,,
,,,,5.360,0.82,0.00,-0.37,,,,
,,,,5.370,0.82,-0.04,7.26,,,,
,,,,5.380,0.82,0.15,3.93,,,,
,,,,5.390,0.82,0.04,-14.82,,,,
,,,,5.400,0.82,-0.15,-1.86,,,,
,,,,5.410,0.82,0.00,6.93,,,,
,,,,5.420,0.82,-0.01,-1.64,,,,
,,,,5.430,0.82,-0.03,6.88,,,,
,,,,5.440,0.82,0.13,11.60,,,,
,,,,5.450,0.82,0.20,-12.90,,,,
,,,,5.460,0.82,-0.13,-19.07,,,,
,,,,5.470,0.82,-0.18,13.41,,,,
,,,,5.480,0.82,0.14,15.06,,,,
,,,,5.490,0.82,0.12,-7.93,,,,
,,,,5.500,0.82,-0.02,-6.17,,,,
,,,,5.510,0.82,0.00,1.80,,,,
,,,,5.520,0.82,0.01,-0.96,,,,
,,,,5.530,0.82,-0.02,-2.38,,,,
,,,,5.540,0.82,-0.03,9.60,,,,
,,,,5.550,0.82,0.17,1.64,,,,
,,,,5.560,0.83,0.00,-10.08,,,,
,,,,5.570,0.82,-0.03,7.79,,,,
,,,,5.580,0.83,0.16,4.37,,,,
,,,,5.590,0.83,0.06,-16.74,,,,
,,,,5.600,0.83,-0.18,-5.21,,,,
,,,,5.610,0.82,-0.05,18.54,,,,
,,,,5.620,0.83,0.19,0.95,,,,
,,,,5.630,0.83,-0.03,-3.78,,,,
,,,,5.640,0.82,0.12,10.08,,,,
,,,,5.650,0.83,0.17,-4.59,,,,
,,,,5.660,0.83,0.02,-17.59,,,,
,,,,5.670,0.83,-0.18,-4.04,,,,
,,,,5.680,0.82,-0.06,21.00,,,,
,,,,5.690,0.83,0.24,0.39,,,,
,,,,5.700,0.83,-0.05,-9.74,,,,
,,,,5.710,0.83,0.05,11.52,,,,
,,,,5.720,0.83,0.18,5.12,,,,
,,,,5.730,0.83,0.15,-18.31,,,,
,,,,5.740,0.83,-0.18,-16.57,,,,
,,,,5.750,0.83,-0.18,19.83,,,,
,,,,5.760,0.83,0.21,-0.28,,,,
,,,,5.770,0.83,-0.19,-18.67,,,,
,,,,5.780,0.83,-0.16,17.44,,,,
,,,,5.790,0.83,0.16,13.22,,,,
,,,,5.800,0.83,0.10,-20.29,,,,
,,,,5.810,0.83,-0.25,-9.79,,,,
,,,,5.820,0.82,-0.09,20.34,,,,
,,,,5.830,0.83,0.16,16.15,,,,
,,,,5.840,0.83,0.23,-11.91,,,,
,,,,5.850,0.83,-0.08,-13.44,,,,
,,,,5.860,0.83,-0.04,2.68,,,,
,,,,5.870,0.83,-0.02,-14.77,,,,
,,,,5.880,0.83,-0.33,70.86,,,,
,,,,5.890,0.82,1.39,119.77,,,,
,,,,5.900,0.85,2.06,-85.87,,,,
,,,,5.910,0.87,-0.32,-119.03,,,,
,,,,5.920,0.85,-0.32,45.10,,,,
,,,,5.930,0.86,0.58,30.48,,,,
,,,,5.940,0.86,0.29,-114.19,,,,
,,,,5.950,0.87,-1.71,-13.11,,,,
,,,,5.960,0.82,0.03,114.00,,,,
,,,,5.970,0.87,0.57,-114.54,,,,
,,,,5.980,0.84,-2.26,-38.19,,,,
,,,,5.990,0.82,-0.19,108.47,,,,
,,,,6.000,0.83,-0.09,-94.01,,,,
,,,,6.010,0.82,-2.07,-19.89,,,,
,,,,6.020,0.79,-0.49,105.88,,,,
,,,,6.030,0.81,0.05,-31.25,,,,
,,,,6.040,0.79,-1.12,-14.69,,,,
,,,,6.050,0.79,-0.25,49.84,,,,
,,,,6.060,0.79,-0.12,4.55,,,,
,,,,6.070,0.78,-0.15,-6.12,,,,
,,,,6.080,0.78,-0.24,-7.45,,,,
,,,,6.090,0.78,-0.30,2.19,,,,
,,,,6.100,0.78,-0.20,5.19,,,,
,,,,6.110,0.78,-0.20,0.24,,,,
,,,,6.120,0.77,-0.19,1.68,,,,
,,,,6.130,0.77,-0.17,-0.33,,,,
,,,,6.140,0.77,-0.20,-1.34,,,,
,,,,6.150,0.77,-0.19,1.87,,,,
,,,,6.160,0.77,-0.16,-2.53,,,,
,,,,6.170,0.76,-0.24,3.44,,,,
,,,,6.180,0.76,-0.09,5.72,,,,
,,,,6.190,0.76,-0.13,17.34,,,,
,,,,6.200,0.76,0.25,37.60,,,,
,,,,6.210,0.77,0.62,-7.86,,,,
,,,,6.220,0.77,0.10,-43.56,,,,
,,,,6.230,0.77,-0.25,-13.01,,,,
,,,,6.240,0.77,-0.16,-24.27,,,,
,,,,6.250,0.77,-0.73,65.95,,,,
,,,,6.260,0.75,1.15,136.79,,,,
,,,,6.270,0.79,2.00,-191.66,,,,
,,,,6.280,0.79,-2.68,-246.48,,,,
,,,,6.290,0.74,-2.93,147.82,,,,
,,,,6.300,0.73,0.28,152.11,,,,
,,,,6.310,0.74,0.11,-23.89,,,,
,,,,6.320,0.74,-0.20,2.01,,,,
,,,,6.330,0.74,0.15,5.97,,,,
,,,,6.340,0.74,-0.08,-24.12,,,,
,,,,6.350,0.74,-0.33,-32.58,,,,
,,,,6.360,0.73,-0.73,-27.24,,,,
,,,,6.370,0.72,-0.87,-24.60,,,,
,,,,6.380,0.71,-1.22,-19.89,,,,
,,,,6.390,0.70,-1.27,25.03,,,,
,,,,6.400,0.69,-0.72,36.35,,,,
,,,,6.410,0.68,-0.54,1.39,,,,
,,,,6.420,0.68,-0.70,-8.28,,,,
,,,,6.430,0.67,-0.71,0.16,,,,
,,,,6.440,0.66,-0.69,-1.51,,,,
,,,,6.450,0.65,-0.74,1.45,,,,
,,,,6.460,0.65,-0.66,9.45,,,,
,,,,6.470,0.64,-0.55,4.97,,,,
,,,,6.480,0.64,-0.56,-0.48,,,,
,,,,6.490,0.63,-0.56,9.27,,,,
,,,,6.500,0.63,-0.38,1.89,,,,
,,,,6.510,0.62,-0.52,0.39,,,,
,,,,6.520,0.62,-0.37,24.41,,,,
,,,,6.530,0.61,-0.03,19.79,,,,
,,,,6.540,0.62,0.02,-4.52,,,,
,,,,6.550,0.62,-0.12,23.81,,,,
,,,,6.560,0.61,0.50,47.02,,,,
,,,,6.570,0.63,0.82,-31.14,,,,
,,,,6.580,0.63,-0.12,-87.66,,,,
,,,,6.590,0.62,-0.94,-47.12,,,,
,,,,6.600,0.61,-1.06,-6.29,,,,
,,,,6.610,0.60,-1.06,-21.51,,,,
,,,,6.620,0.59,-1.49,31.48,,,,
,,,,6.630,0.57,-0.43,39.16,,,,
,,,,6.640,0.58,-0.71,9.25,,,,
,,,,6.650,0.56,-0.25,146.99,,,,
,,,,6.660,0.58,2.23,58.22,,,,
,,,,6.670,0.60,0.92,-143.81,,,,
,,,,6.680,0.59,-0.65,-48.96,,,,
,,,,6.690,0.59,-0.06,56.03,,,,
,,,,6.700,0.59,0.47,12.27,,,,
,,,,6.710,0.60,0.18,-37.71,,,,
,,,,6.720,0.60,-0.28,-9.20,,,,
,,,,6.730,0.59,0.00,12.06,,,,
,,,,6.740,0.60,-0.04,-6.34,,,,
,,,,6.750,0.59,-0.13,-0.77,,,,
,,,,6.760,0.59,-0.06,-3.78,,,,
,,,,6.770,0.59,-0.20,-7.62,,,,
,,,,6.780,0.59,-0.21,-5.82,,,,
,,,,6.790,0.59,-0.32,-5.19,,,,
,,,,6.800,0.58,-0.31,1.01,,,,
,,,,6.810,0.58,-0.30,0.07,,,,
,,,,6.820,0.58,-0.31,-0.50,,,,
,,,,6.830,0.57,-0.31,0.07,,,,
,,,,6.840,0.57,-0.31,-0.36,,,,
,,,,6.850,0.57,-0.32,-0.72,,,,
,,,,6.860,0.57,-0.32,-1.93,,,,
,,,,6.870,0.56,-0.36,-0.50,,,,
,,,,6.880,0.56,-0.33,0.76,,,,
,,,,6.890,0.56,-0.34,-4.81,,,,
,,,,6.900,0.55,-0.43,-5.34,,,,
,,,,6.910,0.55,-0.45,2.02,,,,
,,,,6.920,0.54,-0.39,3.43,,,,
,,,,6.930,0.54,-0.38,0.17,,,,
,,,,6.940,0.53,-0.39,2.09,,,,
,,,,6.950,0.53,-0.34,2.85,,,,
,,,,6.960,0.53,-0.33,0.73,,,,
,,,,6.970,0.52,-0.32,1.59,,,,
,,,,6.980,0.52,-0.30,2.65,,,,
,,,,6.990,0.52,-0.27,2.35,,,,
,,,,7.000,0.52,-0.25,0.86,,,,
,,,,7.010,0.51,-0.25,0.80,,,,
,,,,7.020,0.51,-0.23,1.36,,,,
,,,,7.030,0.51,-0.23,0.86,,,,
,,,,7.040,0.51,-0.22,0.74,,,,
,,,,7.050,0.50,-0.21,1.03,,,,
,,,,7.060,0.50,-0.20,6.71,,,,
,,,,7.070,0.50,-0.08,6.24,,,,
,,,,7.080,0.50,-0.07,-5.59,,,,
,,,,7.090,0.50,-0.19,-6.34,,,,
,,,,7.100,0.50,-0.20,-0.43,,,,
,,,,7.110,0.50,-0.20,-0.49,,,,
,,,,7.120,0.49,-0.21,-9.84E-4,,,,
,,,,7.130,0.49,-0.20,-0.49,,,,
,,,,7.140,0.49,-0.22,3.20,,,,
,,,,7.150,0.49,-0.13,6.20,,,,
,,,,7.160,0.49,-0.09,-2.57,,,,
,,,,7.170,0.48,-0.18,0.68,,,,
,,,,7.180,0.48,-0.08,3.78,,,,
,,,,7.190,0.48,-0.11,-9.53,,,,
,,,,7.200,0.48,-0.27,-10.72,,,,
,,,,7.210,0.48,-0.32,3.90,,,,
,,,,7.220,0.47,-0.19,-1.73,,,,
,,,,7.230,0.47,-0.36,-18.29,,,,
,,,,7.240,0.47,-0.56,0.34,,,,
,,,,7.250,0.46,-0.35,9.14,,,,
,,,,7.260,0.46,-0.38,1.40,,,,
,,,,7.270,0.46,-0.32,1.79,,,,
,,,,7.280,0.45,-0.34,-9.97,,,,
,,,,7.290,0.45,-0.52,-9.74,,,,
,,,,7.300,0.44,-0.53,-6.85,,,,
,,,,7.310,0.44,-0.66,-16.61,,,,
,,,,7.320,0.43,-0.87,-4.70,,,,
,,,,7.330,0.42,-0.75,10.79,,,,
,,,,7.340,0.42,-0.65,6.88,,,,
,,,,7.350,0.41,-0.62,7.63,,,,
,,,,7.360,0.40,-0.50,5.26,,,,
,,,,7.370,0.40,-0.51,0.33,,,,
,,,,7.380,0.39,-0.49,1.68,,,,
,,,,7.390,0.39,-0.48,-2.20,,,,
,,,,7.400,0.38,-0.54,-2.58,,,,
,,,,7.410,0.38,-0.53,5.85,,,,
,,,,7.420,0.37,-0.42,8.10,,,,
,,,,7.430,0.37,-0.37,4.79,,,,
,,,,7.440,0.37,-0.32,4.27,,,,
,,,,7.450,0.36,-0.28,4.79,,,,
,,,,7.460,0.36,-0.23,4.00,,,,
,,,,7.470,0.36,-0.20,7.32,,,,
,,,,7.480,0.36,-0.08,8.12,,,,
,,,,7.490,0.36,-0.04,-0.38,,,,
,,,,7.500,0.35,-0.09,-1.35,,,,
,,,,7.510,0.35,-0.07,3.61,,,,
,,,,7.520,0.35,-0.02,6.80,,,,
,,,,7.530,0.35,0.07,2.92,,,,
,,,,7.540,0.35,0.04,2.93,,,,
,,,,7.550,0.35,0.13,12.39,,,,
,,,,7.560,0.36,0.29,18.55,,,,
,,,,7.570,0.36,0.50,9.51,,,,
,,,,7.580,0.37,0.48,-1.65,,,,
,,,,7.590,0.37,0.47,10.97,,,,
,,,,7.600,0.38,0.70,12.07,,,,
,,,,7.610,0.38,0.71,-19.62,,,,
,,,,7.620,0.39,0.31,-52.64,,,,
,,,,7.630,0.39,-0.34,-31.98,,,,
,,,,7.640,0.38,-0.33,-5.35,,,,
,,,,7.650,0.38,-0.45,-5.96,,,,
,,,,7.660,0.38,-0.45,19.69,,,,
,,,,7.670,0.37,-0.06,20.13,,,,
,,,,7.680,0.37,-0.05,-17.38,,,,
,,,,7.690,0.37,-0.41,-27.03,,,,
,,,,7.700,0.37,-0.59,-1.76,,,,
,,,,7.710,0.36,-0.44,-1.24,,,,
,,,,7.720,0.36,-0.61,-8.11,,,,
,,,,7.730,0.35,-0.60,14.17,,,,
,,,,7.740,0.34,-0.33,15.71,,,,
,,,,7.750,0.34,-0.29,4.52,,,,
,,,,7.760,0.34,-0.24,2.24,,,,
,,,,7.770,0.34,-0.24,0.62,,,,
,,,,7.780,0.33,-0.23,8.26,,,,
,,,,7.790,0.33,-0.08,7.95,,,,
,,,,7.800,0.33,-0.07,0.86,,,,
,,,,7.810,0.33,-0.06,0.86,,,,
,,,,7.820,0.33,-0.05,0.98,,,,
,,,,7.830,0.33,-0.04,-0.35,,,,
,,,,7.840,0.33,-0.06,-1.41,,,,
,,,,7.850,0.33,-0.07,-0.04,,,,
,,,,7.860,0.33,-0.06,0.51,,,,
,,,,7.870,0.33,-0.06,-0.35,,,,
,,,,7.880,0.33,-0.07,-1.33,,,,
,,,,7.890,0.33,-0.09,-0.86,,,,
,,,,7.900,0.33,-0.08,-0.78,,,,
,,,,7.910,0.33,-0.10,-1.72,,,,
,,,,7.920,0.32,-0.12,-1.68,,,,
,,,,7.930,0.32,-0.14,-2.11,,,,
,,,,7.940,0.32,-0.16,-2.62,,,,
,,,,7.950,0.32,-0.19,-2.23,,,,
,,,,7.960,0.32,-0.21,-1.25,,,,
,,,,7.970,0.32,-0.21,-1.72,,,,
,,,,7.980,0.31,-0.24,-1.84,,,,
,,,,7.990,0.31,-0.25,-0.39,,,,
,,,,8.000,0.31,-0.25,-0.82,,,,
,,,,8.010,0.31,-0.27,-1.37,,,,
,,,,8.020,0.30,-0.28,-0.51,,,,
,,,,8.030,0.30,-0.28,0.39,,,,
,,,,8.040,0.30,-0.27,0.90,,,,
,,,,8.050,0.30,-0.26,0.36,,,,
,,,,8.060,0.29,-0.26,1.18,,,,
,,,,8.070,0.29,-0.23,2.62,,,,
,,,,8.080,0.29,-0.21,2.12,,,,
,,,,8.090,0.29,-0.19,2.51,,,,
,,,,8.100,0.28,-0.16,3.51,,,,
,,,,8.110,0.28,-0.12,2.65,,,,
,,,,8.120,0.28,-0.10,1.69,,,,
,,,,8.130,0.28,-0.09,2.12,,,,
,,,,8.140,0.28,-0.06,2.65,,,,
,,,,8.150,0.28,-0.04,1.83,,,,
,,,,8.160,0.28,-0.03,0.36,,,,
,,,,8.170,0.28,-0.03,1.26,,,,
,,,,8.180,0.28,-6.97E-4,1.86,,,,
,,,,8.190,0.28,0.01,3.49E-6,,,,
,,,,8.200,0.28,-6.97E-4,-0.14,,,,
,,,,8.210,0.28,0.01,1.58,,,,
,,,,8.220,0.28,0.03,3.68,,,,
,,,,8.230,0.28,0.08,0.85,,,,
,,,,8.240,0.28,0.05,-4.87,,,,
,,,,8.250,0.28,-0.02,-3.67,,,,
,,,,8.260,0.28,-0.03,5.20,,,,
,,,,8.270,0.28,0.09,5.61,,,,
,,,,8.280,0.28,0.09,-5.95,,,,
,,,,8.290,0.28,-0.03,-7.27,,,,
,,,,8.300,0.28,-0.06,-2.71,,,,
,,,,8.310,0.28,-0.09,4.70,,,,
,,,,8.320,0.28,0.04,6.07,,,,
,,,,8.330,0.28,0.03,-6.16,,,,
,,,,8.340,0.28,-0.09,-4.76,,,,
,,,,8.350,0.28,-0.06,1.57,,,,
,,,,8.360,0.28,-0.06,-2.67,,,,
,,,,8.370,0.28,-0.11,4.06,,,,
,,,,8.380,0.28,0.02,9.50,,,,
,,,,8.390,0.28,0.08,-20.16,,,,
,,,,8.400,0.28,-0.38,-17.26,,,,
,,,,8.410,0.27,-0.27,12.92,,,,
,,,,8.420,0.27,-0.12,0.18,,,,
,,,,8.430,0.27,-0.27,8.95,,,,
,,,,8.440,0.27,0.06,23.28,,,,
,,,,8.450,0.27,0.20,-27.98,,,,
,,,,8.460,0.27,-0.50,436.94,,,,
,,,,8.470,0.26,8.94,513.55,,,,
,,,,8.480,0.45,9.77,-434.86,,,,
,,,,8.490,0.46,0.24,-485.56,,,,
,,,,8.500,0.46,0.06,-32.55,,,,
,,,,8.510,0.46,-0.41,-3.70,,,,
,,,,8.520,0.45,-0.02,-5.40,,,,
,,,,8.530,0.46,-0.52,-10.05,,,,
,,,,8.540,0.44,-0.22,62.63,,,,
,,,,8.550,0.45,0.74,-12.18,,,,
,,,,8.560,0.45,-0.46,-48.51,,,,
,,,,8.570,0.44,-0.23,-6.39,,,,
,,,,8.580,0.45,-0.59,-20.94,,,,
,,,,8.590,0.43,-0.65,2.06,,,,
,,,,8.600,0.43,-0.55,13.42,,,,
,,,,8.610,0.42,-0.38,28.66,,,,
,,,,8.620,0.43,0.03,-2.54,,,,
,,,,8.630,0.42,-0.44,-33.12,,,,
,,,,8.640,0.42,-0.64,-7.43,,,,
,,,,8.650,0.41,-0.58,8.84,,,,
,,,,8.660,0.41,-0.46,18.73,,,,
,,,,8.670,0.40,-0.21,,,,,
,,,,8.680,0.40,,,,,,
